train_loss,epoch,step,val_loss
0.06101534143090248,0,49,
0.06162667274475098,0,99,
0.05525917932391167,0,149,
0.05001484602689743,0,199,
0.04603087157011032,0,249,
0.04781728610396385,0,299,
0.04481881484389305,0,349,
0.041374944150447845,0,399,
,0,429,0.04497693479061127
0.052234917879104614,1,449,
0.04216286540031433,1,499,
0.0435960590839386,1,549,
